公司名,联系人,电话,城市,行业,来源,备注,评分,需求命中
西安秦创原软件服务有限公司,董经理,13800001121,西安,软件服务,软博会,ToB SaaS需要线索投放,78,投放/线索
成都知食分子新零售有限公司,唐总,13800001118,成都,电商,朋友转介绍,预制菜品牌月GMV300万,77,GMV
成都蓉橙文化传媒有限公司,李总,13800001102,成都,广告,展会名片,负责社区团购品牌推广,72,推广
成都天府丽人医疗美容门诊部,何院长,13800001117,成都,医疗美容,新氧导出,新店开业需获客,68,获客/开业
成都新潮品牌策划有限公司,王经理,13800001101,成都,广告,企业名录,近期有线上投放需求,62,投放
成都星瞳互娱科技有限公司,刘总,13800001105,成都,游戏,行业沙龙,休闲小游戏研发,62,
西安极光网络科技有限公司,郑总,13800001111,西安,游戏,游戏展会,SLG手游海外发行,62,
南京宁易广告传媒有限公司,冯经理,13800001112,南京,广告,企业名录,效果广告年框客户,62,年框
西安长安城置业顾问有限公司,吴顾问,13800001109,西安,房产,贝壳导出,新房分销团队,60,分销
西安丝路旅拍文化传媒有限公司,曹店长,13800001119,西安,广告,抖音私信,旅拍连锁加盟,55,加盟
西安易联数字营销有限公司,孙经理,13800001107,西安,广告,企业名录,出海电商代理,54,
苏州姑苏智造电子有限公司,杨工,13800001115,苏州,3C制造,阿里国际站,智能硬件外贸,54,
成都蜀云电子商务有限公司,陈女士,13800001104,成都,电商,企查查导出,天猫店铺年销千万,52,年销
成都启明教育咨询有限公司,赵老师,13800001106,成都,教育,地推扫码,考研培训暑期扩招,52,扩招
南京钟山汽车服务有限公司,沈经理,13800001120,南京,汽车服务,懂车帝导出,二手车连锁,52,
西安秦味食品有限公司,周厂长,02966661108,西安,餐饮,1688导出,特产生鲜供应,40,
南京金陵教育培训中心,蒋老师,13800001113,南京,教育,公众号留言,成人英语培训,40,
苏州金鸡湖酒店管理有限公司,许经理,051266661116,苏州,酒店,携程导出,会议酒店,40,
西安易联数字营销有限公司,前台,02988881110,西安,广告,企业名录,总机号码信息不全,30,
成都吃莽莽餐饮管理有限公司,张店长,02888881103,成都,餐饮,大众点评导出,连锁门店12家,28,
南京鸭得堡食品有限公司,韩店长,02555551114,南京,餐饮,美团导出,鸭血粉丝连锁,28,
成都未留电话科技有限公司,,,成都,广告,行业名录,联系方式缺失应降权,9,
